hidden_size,num_layers,total_params,trainable_params,best_test_loss,final_train_loss,final_test_loss,training_time,train_losses,test_losses,epochs,learning_rate,batch_size,dropout
256,6,53066,53066,0.23411662208418998,0.378302273362875,0.25735734817054534,85.14306306838989,"[0.882695540368557, 0.5983994607925415, 0.5683943836092948, 0.5560621392130852, 0.5362270840406418, 0.5284046629071235, 0.5208428462147713, 0.5153821834623814, 0.5047104769945144, 0.49835210072994235, 0.4959650335609913, 0.4880207324624062, 0.49117141151428223, 0.48847719198465345, 0.47620557832717897, 0.4844866570830345, 0.47609847658872606, 0.4638505374789238, 0.4796545569896698, 0.4610252729654312, 0.4535714219212532, 0.46634830832481383, 0.45618687486648557, 0.4627010239958763, 0.4539397550821304, 0.44831804984807966, 0.45119181206822395, 0.4574423862695694, 0.4485789164304733, 0.4461723265051842, 0.44050557106733323, 0.44421089482307435, 0.4408080951571465, 0.4374258341193199, 0.43594724932312967, 0.4306947184503078, 0.43684669560194017, 0.4369923405945301, 0.43153737208247184, 0.4279856200814247, 0.4312334832251072, 0.43237017342448236, 0.4249395308494568, 0.42726873925328257, 0.4257824432551861, 0.4243424585163593, 0.4213365365862846, 0.4249529225230217, 0.4141427595615387, 0.4166399639248848, 0.4248469405770302, 0.4248935187458992, 0.4209827520251274, 0.41637884241342543, 0.4220113755166531, 0.4187164222598076, 0.4135837253034115, 0.41484321269392965, 0.4146925787329674, 0.4104777123034, 0.41030224722623826, 0.4192407968044281, 0.4115337983071804, 0.4224114609956741, 0.4076577352583408, 0.41061757054924963, 0.4124389207959175, 0.410371519446373, 0.41451141187548635, 0.4086606021821499, 0.39695236238837245, 0.4176076455116272, 0.4120659935772419, 0.40655380907654765, 0.4040722051560879, 0.4050853395462036, 0.4088087528645992, 0.4020588459968567, 0.4056058565676212, 0.4062968225479126, 0.3962982549071312, 0.40067633882164955, 0.3975091853737831, 0.4033085435926914, 0.39455826038122177, 0.4061140822172165, 0.3974820921123028, 0.3784990572333336, 0.37606489303708074, 0.3741829091310501, 0.3857310330569744, 0.37336994069814683, 0.3691231166124344, 0.3755200934410095, 0.3706918921470642, 0.3867676142454147, 0.36333804327249525, 0.38122675397992134, 0.377873881816864, 0.378302273362875]","[0.5182880730856032, 0.496211892319104, 0.4548166961896987, 0.45601320042023585, 0.4420557434833239, 0.43139607766790994, 0.41854871277298245, 0.40809640595837243, 0.39909769665627254, 0.38335521424573565, 0.3960138264866102, 0.3997177751291366, 0.38375984061331975, 0.37968754141576705, 0.36272429757648045, 0.3650531752241982, 0.3514057370641875, 0.3718469820561863, 0.34636184857005164, 0.35622840008092305, 0.34880346674767754, 0.3485119656201393, 0.3352851958738433, 0.3709994914039733, 0.3267617443251231, 0.35288271331597887, 0.3361015733745363, 0.3369392954877445, 0.33685935229536085, 0.3390249781428821, 0.3313796070833055, 0.3334289756677454, 0.3258360375960668, 0.3134188827068087, 0.3173364394950488, 0.3122107511948025, 0.31914849514289506, 0.3192600355971427, 0.3246011926777779, 0.32841175309722387, 0.30552096623513436, 0.33731377337660107, 0.3083823900374155, 0.3171861779595178, 0.3144691622564717, 0.3328313049342897, 0.3042951479908966, 0.2987736439894116, 0.2946172743917458, 0.308053786555926, 0.3085987324870768, 0.2972120287872496, 0.30545932551225025, 0.3027566522359848, 0.3028701214445016, 0.30210371404176667, 0.306218518919888, 0.30258047125405735, 0.2862382091818348, 0.30853125127771547, 0.3271805440031347, 0.32019798705975216, 0.29276063571137095, 0.3020984325262289, 0.30909569656092023, 0.2924725172656869, 0.2947600302951677, 0.30496789142489433, 0.27754223098357517, 0.2799559257451504, 0.3020579408085535, 0.30420955110873493, 0.29552346621713943, 0.2859986739026176, 0.26997694396783434, 0.282365106164463, 0.2883064283265008, 0.3000043798533697, 0.3008885916972917, 0.2936060662780489, 0.2931594658820402, 0.28866335471707677, 0.2747601378886473, 0.2783033757928818, 0.28866956205595107, 0.2719644005927775, 0.26186365941687234, 0.264556740543672, 0.2602959793238413, 0.273670854017375, 0.2669556166326243, 0.26395371225145126, 0.23411662208418998, 0.2676068100309561, 0.26214276017650723, 0.2536884250621947, 0.25073535468370195, 0.26312428399447413, 0.2575391869223307, 0.25735734817054534]",100,0.004,32,0.3
384,6,107754,107754,0.22922573481050748,0.3455373515486717,0.2344990855171567,103.47804617881775,"[0.853420412003994, 0.5849322190284729, 0.5618893749117851, 0.5325703113675118, 0.5286630354523659, 0.512162502348423, 0.5018009997606278, 0.5054320980906486, 0.49437543126940725, 0.4851532791852951, 0.47675151252746584, 0.47750715947151184, 0.47025451999902723, 0.46890656661987307, 0.4685860450267792, 0.45830116513371466, 0.4542998511493206, 0.44429876893758774, 0.4398356390595436, 0.44493003368377687, 0.43851558804512025, 0.4357485057115555, 0.42973282039165495, 0.43108305624127385, 0.42274844282865526, 0.4308322293162346, 0.43450843822956087, 0.42353831088542937, 0.4290178294181824, 0.42577962863445284, 0.4260817129313946, 0.4090550440847874, 0.4259143648147583, 0.4138629370033741, 0.42131608721613883, 0.40210273513197897, 0.40854774188995363, 0.41727453312277796, 0.41226196759939193, 0.40206093510985375, 0.4091749699115753, 0.41622548294067385, 0.4048862280845642, 0.4023520297110081, 0.4039586755633354, 0.4002432520985603, 0.40079021114110946, 0.40343447640538216, 0.40070449605584146, 0.3969283331334591, 0.39847198632359504, 0.39145969942212105, 0.4104875113666058, 0.38727834802865985, 0.3941538304388523, 0.3858560219705105, 0.386201753616333, 0.4000740743875503, 0.38357895773649214, 0.3842302367091179, 0.38756582540273665, 0.3928390753865242, 0.38442535266280176, 0.3936226143836975, 0.3808056700229645, 0.39675987482070924, 0.3799227353334427, 0.3817127556800842, 0.3928655396401882, 0.38211402970552444, 0.3888414205908775, 0.3724838065505028, 0.38329482805728915, 0.37355018347501756, 0.3769476997256279, 0.370881926715374, 0.3752208974957466, 0.3756627279222012, 0.3743507614135742, 0.3804253560602665, 0.370884590446949, 0.37554722344875335, 0.37540163958072664, 0.3770680678188801, 0.3707317953109741, 0.3706159522235394, 0.37811566281318665, 0.37010102096199987, 0.3695558359324932, 0.34710674721002577, 0.3579094283878803, 0.35159169241786004, 0.34596989354491237, 0.3551746114194393, 0.3451698096394539, 0.3501438647210598, 0.3417058338820934, 0.34829775139689445, 0.3453279213905334, 0.3455373515486717]","[0.5261902075911326, 0.5036912775701947, 0.4648358186795598, 0.44139498401255833, 0.43275377958539935, 0.4074983320065907, 0.42755962234167827, 0.3895146587774867, 0.39734791443934514, 0.3839032303482767, 0.3957458566578608, 0.3796743212474717, 0.3697662255357182, 0.35784356485283564, 0.3545141317068584, 0.352987638305104, 0.3498779557763584, 0.34005939806737595, 0.36111130754625986, 0.34592472217858783, 0.33862978503817603, 0.3321249580809048, 0.36154025544722873, 0.327298770348231, 0.31367934128594777, 0.30210665471497034, 0.29969266352672425, 0.3108902747432391, 0.3126837115675684, 0.3098455393125141, 0.32009257943857283, 0.3104025034440888, 0.31539450733671115, 0.29972980650407927, 0.30235547282629543, 0.30862861185792895, 0.30909781548238935, 0.28739444946958903, 0.3159987928257102, 0.2954980019657385, 0.31132678995056756, 0.30179047903844286, 0.3052928744563981, 0.3052698749280165, 0.30664792308022104, 0.302767811609166, 0.307341967783277, 0.3032119008638556, 0.28050972592262996, 0.291818861273073, 0.2828342480555413, 0.28644753253412625, 0.2925122000040516, 0.28941666133820065, 0.297786811987559, 0.3030200077309495, 0.27795220391144826, 0.27688820766551153, 0.29374107180370224, 0.27707631004944683, 0.27779778099012753, 0.28540228141678703, 0.2762457068477358, 0.2815409487202054, 0.2655521880776163, 0.27842456806037164, 0.2563300045828025, 0.26988829489028643, 0.28367257579451516, 0.27199665717189275, 0.2645146765169643, 0.27517166219296907, 0.26391344062156147, 0.2848506870842169, 0.258621424613964, 0.2716566649457765, 0.26307193828480585, 0.255366282330619, 0.2817079033406954, 0.278995644596834, 0.2767860269144414, 0.2977617283070844, 0.28944695084577515, 0.27199471937049, 0.2776026006728884, 0.2780952951501286, 0.25749358298286557, 0.26249257829927264, 0.27112928825238397, 0.22922573481050748, 0.24635497338715054, 0.24115443513506934, 0.2316105937555669, 0.23560233780788997, 0.23971920856644238, 0.2599307172709987, 0.23577528275431148, 0.23002365435517969, 0.24198088558420303, 0.2344990855171567]",100,0.004,32,0.3
512,6,182922,182922,0.20945254742862687,0.32188913172483447,0.2214777480870012,112.31388592720032,"[0.8401038979291916, 0.581882199704647, 0.5598002970218658, 0.5316503387689591, 0.5234598031044007, 0.5113608832359314, 0.49946843245625494, 0.49136301189661025, 0.4806658103466034, 0.4777789624929428, 0.47523442620038986, 0.4688854876160622, 0.45337134063243867, 0.4569864075183868, 0.44902435237169264, 0.45110744339227676, 0.44518653109669687, 0.4344796861112118, 0.433378785610199, 0.42462625083327293, 0.43006020373106, 0.4232313137054443, 0.4179906983375549, 0.4236664083600044, 0.4209525843858719, 0.4257954801917076, 0.42169738751649855, 0.41055810162425044, 0.42328191131353377, 0.416133594751358, 0.3991964504718781, 0.409160760730505, 0.40709869265556337, 0.40649082565307615, 0.3999407949149609, 0.40278550079464914, 0.4005328686535358, 0.3980469178557396, 0.3990997027158737, 0.3964848275482655, 0.4076524874269962, 0.39534860572218894, 0.38717749270796775, 0.3958178062438965, 0.3877789661884308, 0.3872390784323215, 0.38650876462459566, 0.3949255781173706, 0.3840977896153927, 0.39371238213777543, 0.38721645826101303, 0.38923467841744425, 0.3831872128546238, 0.38989388397336006, 0.3802581515014172, 0.37278349375724795, 0.3803613876402378, 0.3818713647723198, 0.3753164327442646, 0.37573731064796445, 0.38076497900485995, 0.3847685918807983, 0.38210646039247514, 0.3699910586774349, 0.37338258475065234, 0.3792070083618164, 0.3651867241561413, 0.3744122873842716, 0.3732379557490349, 0.3810120367705822, 0.37025757431983947, 0.36524184837937357, 0.36661252784729004, 0.38521274411678313, 0.3530652297437191, 0.3443875740170479, 0.33663248041272165, 0.3392518419623375, 0.34196513882279395, 0.3480361135900021, 0.33587420225143433, 0.3274855320453644, 0.3390237129330635, 0.3337483660876751, 0.3380482837557793, 0.32414965695142745, 0.3370939916074276, 0.3387144365012646, 0.3221930719912052, 0.33308870339393615, 0.33229876500368116, 0.3278747571706772, 0.32328277185559273, 0.33133163100481033, 0.32777296704053877, 0.3346189228594303, 0.31512425816059114, 0.3224161033630371, 0.3199115733504295, 0.32188913172483447]","[0.5098606986658913, 0.5018754113051627, 0.4856935292482376, 0.4345552908286216, 0.4384913023502108, 0.40434207542548106, 0.3921120015401689, 0.40178507448188844, 0.37460238048954614, 0.37614077518856714, 0.3735287786712722, 0.3684087276222214, 0.3582880826341727, 0.350932413268657, 0.362873632401701, 0.3559775027845587, 0.35243511773527614, 0.33362219435355017, 0.3285908673017744, 0.34092163596124875, 0.314301303573071, 0.3245650790040455, 0.336360249490965, 0.3230045936883442, 0.32507681379479075, 0.3258617993385073, 0.32466751520359327, 0.3178971821353549, 0.3225574469755566, 0.30330021768098786, 0.29835333876193515, 0.30345169295157703, 0.2992228999260872, 0.3123120177714598, 0.2918648025582707, 0.2954729903666746, 0.29896228334733416, 0.29105732932923334, 0.3306963776075651, 0.29742817107647185, 0.2958100149555812, 0.300720929271645, 0.2946486287410297, 0.3004142168968443, 0.291158295221745, 0.28643479269175304, 0.2722850258033427, 0.28401771696313977, 0.2983189480645316, 0.28486008090632303, 0.28075259054700535, 0.27883695160585736, 0.2870682159823085, 0.29725492828422123, 0.28896868595528225, 0.2682560368899315, 0.2808265005430532, 0.27489313838027774, 0.2814363627916291, 0.270169409258025, 0.26760094116131466, 0.27978540176437017, 0.2589683936583617, 0.288238663817682, 0.2780559152837784, 0.2814741659140776, 0.2756391696868435, 0.2668212156092364, 0.2795511856675148, 0.26185563632420134, 0.2632655610759107, 0.2642713073818457, 0.28345760939613224, 0.26941600708024843, 0.24841864250363813, 0.23085302487015724, 0.2654438927060082, 0.24768725782632828, 0.2523188486931816, 0.22752435694611262, 0.2437148185239898, 0.23413678607533847, 0.2503741484667574, 0.242982947696296, 0.21809857167185298, 0.22340414749961052, 0.24321974518280182, 0.2506113400061925, 0.23306762699096922, 0.23660444882180956, 0.2491392872872807, 0.2512374428647851, 0.24747001214159858, 0.22947880956861708, 0.2241853674252828, 0.23260864520829821, 0.22001209831427013, 0.23353964362352614, 0.20945254742862687, 0.2214777480870012]",100,0.004,32,0.3
640,6,282202,282202,0.21044468649086498,0.2975652815699577,0.21748332614226948,138.15851879119873,"[0.844522308409214, 0.5755611126422882, 0.5504183859825135, 0.5234082303643227, 0.5061681959629059, 0.49577544647455213, 0.4936678706407547, 0.4780907044708729, 0.4875944862663746, 0.46375264394283294, 0.4591685383915901, 0.46265439531207087, 0.44641603022813797, 0.4494491684436798, 0.44453049573302267, 0.43665460938215256, 0.4301624123454094, 0.43576867461204527, 0.42573862892389297, 0.41934428641200067, 0.4262237679064274, 0.4185969455838203, 0.4159907428920269, 0.4193826786577702, 0.40810962256789207, 0.40903206285834315, 0.39878843250870705, 0.4035366652607918, 0.4083253356814385, 0.3968497605025768, 0.3998943552672863, 0.40369952803850173, 0.38803621956706047, 0.3956108965277672, 0.388675139605999, 0.39289498299360276, 0.3858029582798481, 0.3936989157795906, 0.3895207499265671, 0.39195680966973306, 0.38211275950074197, 0.3876585588157177, 0.38067853152751924, 0.37925066539645197, 0.3871195893287659, 0.3822119893729687, 0.3793841776251793, 0.37812860199809073, 0.38646627962589264, 0.37637351363897326, 0.38448160138726234, 0.3694952501654625, 0.3653806531727314, 0.3823338913023472, 0.3777462648153305, 0.36311817502975463, 0.3688013058900833, 0.3734995451569557, 0.35743317937850955, 0.36845194777846335, 0.3716115819811821, 0.36095689731836317, 0.3650722933113575, 0.37522374668717384, 0.36391056603193284, 0.34398330381512643, 0.33420793414115907, 0.32737883734703066, 0.3364462015032768, 0.3319245977699757, 0.3290324403643608, 0.32294543308019635, 0.32614201194047926, 0.32883448725938796, 0.32622162812948224, 0.32887113565206527, 0.3174533103704453, 0.31402791038155553, 0.315475254625082, 0.31447892290353774, 0.31218437469005583, 0.32572989839315414, 0.3179483363032341, 0.31791186809539795, 0.3054903737902641, 0.31547630456089976, 0.31662351652979853, 0.31665112733840944, 0.31950483453273776, 0.3128566826581955, 0.31061888486146927, 0.3198519831299782, 0.31705455738306043, 0.30794282379746435, 0.31168743228912354, 0.3062857396900654, 0.3048543018698692, 0.2903102447092533, 0.29796217086911203, 0.2975652815699577]","[0.5309305070411592, 0.4889080548097217, 0.4615598679298446, 0.4388629536307047, 0.43045357886760954, 0.40458673889201785, 0.38905307201166, 0.4008634350602589, 0.3880129008302613, 0.38968476676751695, 0.37463933371362235, 0.37393303002629963, 0.3540214417827508, 0.3545581110649639, 0.34593429664770764, 0.347987143825444, 0.34199613451011596, 0.3293993119446058, 0.32516059515968204, 0.31580851126521353, 0.3235432051476978, 0.32427486517126597, 0.3012435622513294, 0.32590551603408086, 0.3246073992479415, 0.3131208216387128, 0.29050488362000104, 0.30260980111502467, 0.31352497252916534, 0.3004376262662903, 0.30589048097294474, 0.31587986275553703, 0.3037068314613804, 0.3020022925994699, 0.29343981650613604, 0.285919662978914, 0.2938927049556422, 0.29212201333471705, 0.293359589718637, 0.28890801978016656, 0.285950064895645, 0.2829796450715216, 0.2852567892580751, 0.29017065713802975, 0.3024321347475052, 0.2891990759424747, 0.2846548239744845, 0.2767045543425613, 0.2728855771914361, 0.2830985114569702, 0.29342099911873304, 0.2817364747798632, 0.2766854629984924, 0.254701982947096, 0.2856113626252091, 0.26211895356102594, 0.2596378047314901, 0.2819226464581868, 0.26879176296412, 0.2697081920646486, 0.27582358557080466, 0.2730921716798866, 0.2985104222501081, 0.28200935755693723, 0.30087281869990484, 0.2608620843125714, 0.23903832773840616, 0.24951910061968696, 0.22643507248352443, 0.24672047799778363, 0.2268868495547582, 0.22712232917547226, 0.23659198358654976, 0.2371709883686096, 0.23159222967094845, 0.23801784246923433, 0.235956310664141, 0.22253302588231033, 0.2183418670107448, 0.21668731504016453, 0.22573172998806787, 0.22337099897956092, 0.24868390159237952, 0.23416169064622078, 0.214955684507177, 0.2186926451940385, 0.21985752425260013, 0.22824464738368988, 0.23136231770354604, 0.23025610611315758, 0.24567701643894588, 0.22306512902298617, 0.23484680216227258, 0.22441081347919645, 0.22274292455542655, 0.2313290507429176, 0.21216535943722914, 0.21882265865329711, 0.21044468649086498, 0.21748332614226948]",100,0.004,32,0.3
768,6,402986,402986,0.20337644399749855,0.29437990486621857,0.20678172254609684,148.71361684799194,"[0.8126555089354515, 0.5721294069290161, 0.5408624112904071, 0.5181297271251678, 0.505664297580719, 0.4950074971318245, 0.4864290388822555, 0.4739336932301521, 0.46494240453839303, 0.4608056701719761, 0.4527372207045555, 0.4493908040225506, 0.44227952882647514, 0.4357592929303646, 0.42955034282803534, 0.42956394723057745, 0.4199020684957504, 0.42746679025888445, 0.41407906103134157, 0.41642821723222734, 0.4191748154461384, 0.41052413269877436, 0.41250442996621134, 0.40894529935717583, 0.4037727718651295, 0.40832189086079596, 0.4040249886214733, 0.402818438231945, 0.3862339380979538, 0.3941303351521492, 0.3894426731169224, 0.3928473863899708, 0.37864701107144355, 0.3880184909403324, 0.38567626547813416, 0.37859619641304015, 0.3835379283726215, 0.38406137546896935, 0.38064318013191223, 0.3832042565345764, 0.37981842386722564, 0.3863449974358082, 0.36998819920420645, 0.37073982021212576, 0.37448235046863554, 0.3747119285464287, 0.3694077897667885, 0.37082448887825015, 0.37779615944623945, 0.36649694725871085, 0.35948238399624827, 0.36784772703051566, 0.35423941084742544, 0.36561332175135614, 0.35657182258367537, 0.3578297575414181, 0.35870140871405604, 0.3604099248945713, 0.3606174781024456, 0.35047183132171633, 0.3633540264070034, 0.35419055289030077, 0.35929916536808015, 0.3506793585717678, 0.3600642343759537, 0.3472171638011932, 0.3554572640359402, 0.34302174726128576, 0.35423743790388107, 0.3507298082411289, 0.35239316058158876, 0.3518000735938549, 0.3473689674437046, 0.3453166401386261, 0.3467559062540531, 0.34082721668481825, 0.321272844016552, 0.3159317013323307, 0.3197360466718674, 0.3270808311104774, 0.31420438894629477, 0.3143821949064732, 0.3050992153286934, 0.3128816675394773, 0.31674951359629633, 0.31447388115525243, 0.2980030083656311, 0.30733144852519034, 0.3166588289439678, 0.30743227711319926, 0.3061080604791641, 0.29858169868588447, 0.2943208137750626, 0.3026049820780754, 0.3092869090437889, 0.3034319979250431, 0.2948018136918545, 0.29604308333992957, 0.2995652834773064, 0.29437990486621857]","[0.5167587297776389, 0.46539497198093505, 0.44987076331698705, 0.434393786485233, 0.41113568523100447, 0.41200137682377347, 0.40146649569746046, 0.37486371125966783, 0.3686587547972089, 0.37466637045145035, 0.3532910186738249, 0.3649325616775997, 0.3437146135857181, 0.3451050315347929, 0.3397876816609549, 0.3424513786439858, 0.3403393595464646, 0.3319343601663907, 0.332216713281851, 0.3176099196785972, 0.32488133580911727, 0.32316408974547234, 0.30716426717856576, 0.2981883144331357, 0.30285989540436914, 0.2983887744919648, 0.31739864675771623, 0.30272996691720827, 0.31382484633534674, 0.30170625341790064, 0.29944443200079224, 0.29782678169153987, 0.28300176466268206, 0.2939236736486828, 0.2792137335571978, 0.2970655309775519, 0.27771860437970314, 0.2736829712040841, 0.2685622728414952, 0.28558743591346436, 0.30541199037716504, 0.28820344314925256, 0.3030403019298637, 0.2768581559852002, 0.2751846078724142, 0.26777352960336775, 0.27684483576625113, 0.2800782732074223, 0.28618964162610827, 0.27728573522633976, 0.25905099724020275, 0.2542848498930061, 0.2735936101230364, 0.2956907308054349, 0.2656221719724791, 0.2918326699781039, 0.25214311770266956, 0.27726508842574227, 0.28218844237308655, 0.2696434188456762, 0.2676543148145789, 0.25457797376882463, 0.26468122395731153, 0.2485701720865946, 0.2496801501228696, 0.25195293146229925, 0.2648212820409782, 0.26115217917258776, 0.27186977957922315, 0.27248128645476843, 0.2652860620901698, 0.2553244511641207, 0.2830674864706539, 0.27877616155005636, 0.26649936554687365, 0.24754931819107798, 0.2307811061896029, 0.2373767119078409, 0.2218001334085351, 0.25015655491087174, 0.22822241665470222, 0.2223678809250631, 0.23204050538322282, 0.22275641193938633, 0.22277464924587143, 0.23208822694326203, 0.22288173425292213, 0.21891806886664458, 0.2338337092290795, 0.22711537541851165, 0.24890491520128552, 0.22010736126038763, 0.23042601069051122, 0.2324879157046477, 0.2266013300608075, 0.23200930347518314, 0.209479329486688, 0.20337644399749855, 0.22214445826553164, 0.20678172254609684]",100,0.004,32,0.3
896,6,545274,545274,0.18150864692316168,0.2720907421708107,0.18150864692316168,166.266783952713,"[0.805741864323616, 0.5675996624231339, 0.5324694319963456, 0.5130025631785393, 0.49996960055828094, 0.49035429537296293, 0.47453910326957705, 0.4643516246676445, 0.46099602001905443, 0.4531566841006279, 0.443541775316, 0.44431062987446784, 0.4486458926200867, 0.4293774774372578, 0.43790940347313884, 0.4216668060719967, 0.4102030642032623, 0.41468346789479255, 0.4141300683915615, 0.40925158393383027, 0.4112471141219139, 0.40637197774648665, 0.40911651688814166, 0.39115797221660614, 0.3925647014975548, 0.3949041441679001, 0.3877668907642364, 0.39055869695544243, 0.39359505063295364, 0.3921845141649246, 0.3893597859442234, 0.38503815451264384, 0.3834413059055805, 0.3773017486929893, 0.3864321241378784, 0.38772808042168616, 0.38714647117257117, 0.3679289135634899, 0.3801050393283367, 0.3713176008760929, 0.36453485149145126, 0.3714109922349453, 0.3682957519590855, 0.3740997935533524, 0.37572201871871946, 0.3656974360048771, 0.37179605305194857, 0.3592805961370468, 0.34830613985657694, 0.3369350194334984, 0.3321913006007671, 0.3323360851109028, 0.32779628786444664, 0.3300162985920906, 0.31994939839839937, 0.3222771657705307, 0.32475769114494324, 0.3133775354921818, 0.3184385704696178, 0.3242110770046711, 0.3256802188158035, 0.3093596777021885, 0.30480937466025354, 0.31161618953943254, 0.3195542285144329, 0.31274352076649664, 0.2961501391232014, 0.3209220089018345, 0.3170841557085514, 0.3055186248123646, 0.3157522151768207, 0.3048324817717075, 0.3072079994678497, 0.3073399673700333, 0.3021984049975872, 0.31070128712058065, 0.2946762470006943, 0.3116852093935013, 0.29409154629707335, 0.28973054319620134, 0.2914384154379368, 0.2803755415380001, 0.2860675541460514, 0.2764914068430662, 0.2934537831544876, 0.28670380541682244, 0.28910263696312904, 0.2782642281651497, 0.28863848334550857, 0.2811414586007595, 0.27923961919546125, 0.27787020859122274, 0.27680245086550714, 0.2722204657495022, 0.2677064737379551, 0.26176044276356697, 0.27939597472548483, 0.2696652489006519, 0.2731805572807789, 0.2720907421708107]","[0.5144371738036474, 0.4779603554615899, 0.4535505392012142, 0.4178017905307195, 0.4118447633726256, 0.41473417539918234, 0.380402828138026, 0.37982612883760813, 0.3623689916871843, 0.3728614544111585, 0.3517268112017995, 0.34444309912976767, 0.3507234272620981, 0.33007635329923934, 0.35546836883775773, 0.3278419221677477, 0.33452034398676855, 0.318974306659093, 0.30037564802027883, 0.31816136961181957, 0.31340125167653676, 0.3057699479635746, 0.32499815701019197, 0.31794634082960704, 0.3079038285428569, 0.29293217835208724, 0.28665515313309337, 0.29582833540108466, 0.30344955067312906, 0.28203354285113397, 0.27615293340077474, 0.3124902918934822, 0.2886568261753945, 0.31533199217584396, 0.2756522654422692, 0.27232201693076935, 0.27353985820497784, 0.28818916635853903, 0.28165774958001244, 0.2842234679394298, 0.2767915878267515, 0.27532129433183444, 0.27572290699869867, 0.27344227653174175, 0.274543342195333, 0.28392210803807727, 0.28531670771420947, 0.25744432163616965, 0.25907309045867316, 0.24057585349868213, 0.24362727089060676, 0.23622488945959105, 0.2448085615973151, 0.24197440032684614, 0.24011451842647696, 0.23955487660945407, 0.2400965363615089, 0.22590211849837077, 0.23130417508738382, 0.23980851849866291, 0.2132793397657455, 0.2441232857250032, 0.24336508844816496, 0.2226790553993649, 0.23115936956471866, 0.22060117894221867, 0.20741609897878435, 0.22574613089599307, 0.22612031135294172, 0.22786043205904583, 0.24462589662936, 0.23447864821978978, 0.2242409890842816, 0.24424004010737888, 0.22787076982832144, 0.2238449804070923, 0.22904930269670865, 0.24637259182239335, 0.2266138686488072, 0.21149661258927413, 0.22080975395464708, 0.19848900051817062, 0.2099814744340995, 0.2201262851733537, 0.21852090221548837, 0.21197685682111317, 0.20319397768212688, 0.2153242284225093, 0.2040636706801634, 0.22052029443402138, 0.20994118553778482, 0.21750110683460083, 0.21158066433337, 0.2065490840801171, 0.19831929287858427, 0.19924441606752455, 0.20538526049090755, 0.19799771958163806, 0.2014523245512493, 0.18150864692316168]",100,0.004,32,0.3
1024,6,709066,709066,0.19066274775162576,0.27019742515683176,0.19066274775162576,185.70528888702393,"[0.8075508355498314, 0.5609903443455696, 0.5351274641156196, 0.5170189962387085, 0.49178476744890215, 0.48575103223323823, 0.4754267506301403, 0.46863274383544923, 0.4525266526937485, 0.450570508569479, 0.4445145169496536, 0.4390121060013771, 0.4259556048810482, 0.4335632615983486, 0.42617205023765564, 0.4270004079639912, 0.420777021497488, 0.41422508731484414, 0.4190390001833439, 0.40712346917390824, 0.40840230536460875, 0.4144104947149754, 0.40171611139178276, 0.3943897041976452, 0.3950743118524551, 0.39330683535337446, 0.3905860677659512, 0.38652705457806585, 0.3839125705063343, 0.39137467941641807, 0.38027318462729454, 0.38424296617507936, 0.3832774786949158, 0.38433958366513254, 0.3745352053940296, 0.38206955206394194, 0.37496191582083704, 0.3707340920269489, 0.37244324520230293, 0.3727345407605171, 0.3673584426641464, 0.3643401203751564, 0.36347003427147867, 0.36007320728898046, 0.36892013132572177, 0.34713285899162294, 0.3381954973042011, 0.33123245918750766, 0.3163031796813011, 0.32799756488204, 0.32328869950771333, 0.32731151512265205, 0.31997042426466943, 0.3148912068605423, 0.3134009606838226, 0.32334941270947454, 0.3201770193576813, 0.32087326964735985, 0.30996532866358756, 0.3144809935390949, 0.3198181419372559, 0.3152360548973083, 0.3102551234960556, 0.3133450681567192, 0.3133143827021122, 0.3041204029917717, 0.3090081795156002, 0.302023106187582, 0.3025085568726063, 0.30795714488625525, 0.3018214464187622, 0.2951460060477257, 0.3035176663994789, 0.2986824806332588, 0.28400682780146597, 0.28411769843101503, 0.2940265206694603, 0.2846269507110119, 0.28272056925296785, 0.28296339893341066, 0.28240778201818467, 0.2780465255975723, 0.28025749811530115, 0.2682427388429642, 0.2813601194024086, 0.27373145589232445, 0.2754352458715439, 0.27247613489627837, 0.2819812010526657, 0.2692455215156078, 0.27656121510267256, 0.277541246175766, 0.27507237732410433, 0.2751573336571455, 0.26769411942362786, 0.2727087435424328, 0.26798162546753884, 0.2734478571414948, 0.2679823087155819, 0.27019742515683176]","[0.502052504155371, 0.46842150295537616, 0.4486078940450199, 0.43449727812456707, 0.42323908848421915, 0.40864246161211104, 0.3832842954804027, 0.36592878874332185, 0.3853367878094552, 0.3629399811228116, 0.35015682663236347, 0.3329637080194458, 0.3369595413170164, 0.3342952073093445, 0.3259702521184134, 0.3130032290068884, 0.3341653209830087, 0.31670863187265774, 0.30508198784220786, 0.3318973145787678, 0.32332086226060275, 0.31097885292200816, 0.2976127855243191, 0.3004142258257147, 0.31425830851944664, 0.28982700170978665, 0.29860623736703207, 0.31200857850767316, 0.2986317842843987, 0.30120053745451425, 0.28672008624389056, 0.29535201623562785, 0.2838318683798351, 0.26623465759413584, 0.27943894349866444, 0.27868268360930776, 0.28754457488419516, 0.27180825114723234, 0.2693766295200303, 0.2719696501181239, 0.2842333528494078, 0.2690620379788535, 0.2709373457445985, 0.2853268226460805, 0.28903045617635287, 0.5661869917715353, 0.25251147907877725, 0.23499195129861908, 0.2280789871241838, 0.24640693616062875, 0.25174483710101675, 0.24348878381507738, 0.24011864087411336, 0.23629792962992002, 0.23494250002124953, 0.233703534577101, 0.22827390782416812, 0.22561989742375554, 0.23702761791055166, 0.6151958735925811, 0.21867434440978936, 0.21624529876169704, 0.23459432960029633, 0.23055194176378704, 0.2393708619333449, 0.2781969463777921, 0.23462331969113576, 0.24768641579245765, 0.24498213183075662, 0.24880948219270932, 0.24367071144164554, 0.25938480492267346, 0.22715314501334752, 0.22563207350553027, 0.21515932345082836, 0.20719956849066037, 0.21174870534903473, 0.2135358967537445, 0.2210475844700658, 0.22171223317346875, 0.23062060613717353, 0.2082570075752243, 0.2205905972846917, 0.2176021392501536, 0.20366696466410916, 0.22115013293094105, 0.20308427243596977, 0.21048332940018366, 0.22736395718086333, 0.21042804189381145, 0.22276163719121425, 0.20324065104599984, 0.24650720146203797, 0.23183487444406464, 0.2316591895761944, 0.20619290629549633, 0.202133936984908, 0.21845689690893605, 0.19945669434373342, 0.19066274775162576]",100,0.004,32,0.3
1152,6,895618,895618,0.1890327170018166,0.25136518678069114,0.19104467075140702,228.79894614219666,"[0.7993002257347107, 0.5557610124349595, 0.5186140829324722, 0.5071809787154198, 0.4979014947414398, 0.47604303574562074, 0.4735242141187191, 0.4652604379057884, 0.4610838658213615, 0.44093982547521593, 0.43973170313239096, 0.43269088557362556, 0.4285620995759964, 0.43239332434535027, 0.4201448926627636, 0.4167455003559589, 0.4171885445713997, 0.4249172037541866, 0.409529786914587, 0.39517205834388736, 0.40793836987018584, 0.3998702580630779, 0.40234061986207964, 0.3905323229432106, 0.3934684464335442, 0.38948150983452795, 0.38601924780011176, 0.3890919566452503, 0.3821568227112293, 0.37351807588338853, 0.37494661390781403, 0.37808853363990785, 0.3782051141858101, 0.3768257360458374, 0.37772555485367776, 0.37367288276553157, 0.36867751929163933, 0.37462131729722026, 0.3598373130261898, 0.3547367346584797, 0.36514588868618014, 0.3555866059362888, 0.3486319377720356, 0.3642219759821892, 0.35478460863232614, 0.34817372292280196, 0.33589399936795233, 0.3274495443403721, 0.3259442566037178, 0.32499814036488534, 0.3226573701500893, 0.3089621257185936, 0.32318709018826486, 0.3116430425941944, 0.305039119720459, 0.3095961031317711, 0.3161765452325344, 0.3037017535865307, 0.30610832625627515, 0.2988912690281868, 0.28661995854973793, 0.3004503892958164, 0.30152324223518373, 0.2943967616856098, 0.2947144246101379, 0.2957012914121151, 0.3025255744755268, 0.29641328723728655, 0.29763265842199327, 0.2970428849160671, 0.3040405618846416, 0.2959399766325951, 0.28366573628783226, 0.28301217341423035, 0.2664079888164997, 0.2770016613006592, 0.27081059515476225, 0.28093580570816995, 0.2727787064015865, 0.26161556667089464, 0.27777771243453026, 0.2739610045552254, 0.2737358700633049, 0.2660999806523323, 0.2796568831205368, 0.2730123253166676, 0.27082026267051695, 0.26155839882791043, 0.26879371175169947, 0.2667923474609852, 0.2561886382997036, 0.2571413199007511, 0.2548922301530838, 0.25901573181152343, 0.25101167100667954, 0.25125248873233796, 0.2459147480726242, 0.25078973191976545, 0.24889633056521415, 0.25136518678069114]","[0.4984499467980294, 0.45608243133340565, 0.4473830760707931, 0.4114188878309159, 0.40457270791133243, 0.4065948890315162, 0.3967155617853952, 0.38170836948686176, 0.35801786716495243, 0.3610852106459557, 0.3441095065975946, 0.35985497420742396, 0.3246588689822053, 0.3273029807541106, 0.3208361987083677, 0.32096255310471095, 0.32491672393821536, 0.3164272665504425, 0.3283418393915608, 0.3199597933580951, 0.2981650423672464, 0.3237769785854552, 0.31451377781137585, 0.31071019704852787, 0.3113822395366336, 0.3123281400591608, 0.2932994867128039, 0.2991837217575974, 0.2816332184251339, 0.3028278329542705, 0.29011918344194926, 0.29709597322202863, 0.3032239554893403, 0.3155566801036161, 0.258902970997114, 0.2829009296875151, 0.29079679186855045, 0.2880035156295413, 0.2676794465099062, 0.26968552810805185, 0.2790306352433704, 0.27704251870986013, 0.25991129378477734, 0.2812635225081255, 0.2610035897602165, 0.2598326165997793, 0.2391874519368959, 0.2313061539261114, 0.22958177032451782, 0.2536013696993154, 0.2407898193313962, 0.2306302852692112, 0.23200765819776625, 0.2351340347280105, 0.25389526400064666, 0.24076041085497726, 0.22960840745104683, 0.218461708919633, 0.24431236845160287, 0.23600025341979095, 0.21023305878043175, 0.21597788624820255, 0.23125906791242343, 0.3044349505669541, 0.2353902720210571, 0.21379836468351265, 0.21986781731839217, 0.23261553321092848, 0.2232700346836022, 0.23069606419830097, 0.2344945961875575, 0.22450109021294684, 0.22589439384284474, 0.2027980543909565, 0.20327281437459446, 0.22899881510862283, 0.20325740553911717, 0.21214265411808378, 0.18961309408029867, 0.1943367285920041, 0.20848826404720072, 0.2014797187395512, 0.19646712626138377, 0.19628824207872625, 0.19416952860497294, 0.20508717157183184, 0.20564215296199398, 0.20771634212088963, 0.2122251382245431, 0.20387438643309805, 0.19842002265864894, 0.2108708525756522, 0.19766597704045355, 0.19270183994538254, 0.1890327170018166, 0.19649298820230696, 0.2025329749144259, 0.18938600156633628, 0.1891713940080196, 0.19104467075140702]",100,0.004,32,0.3
1280,6,1103930,1103930,0.1992472287799631,0.2515726280808449,0.2039545321511844,249.20172095298767,"[0.8133468108177185, 0.5523510380387306, 0.528186149507761, 0.5097843963503838, 0.4875048198699951, 0.47435526704788206, 0.4671490078568459, 0.45946430230140684, 0.45173089289665225, 0.4569495338201523, 0.4384344093799591, 0.43050439083576203, 0.42829549899697306, 0.4305364312529564, 0.419503358989954, 0.4114096232354641, 0.40989790520071984, 0.39872732588648796, 0.40440323877334594, 0.40647108751535416, 0.4014931377470493, 0.39047598019242286, 0.39793657380342484, 0.38977612093091013, 0.3842750427722931, 0.3867264994680881, 0.3804233842790127, 0.3774955929517746, 0.3853978736102581, 0.3731185270249844, 0.37326393511891365, 0.37216043928265574, 0.37377335581183435, 0.37597464430332184, 0.37145145830512044, 0.36489012479782107, 0.3764747054278851, 0.36266801366209983, 0.3592783984541893, 0.36683240574598314, 0.35813043582439424, 0.35306546980142595, 0.35838331216573716, 0.3524021905660629, 0.34961932674050333, 0.34508330139517784, 0.34278448855876925, 0.3348385442793369, 0.34607785773277283, 0.3434295727610588, 0.3474252153337002, 0.3425736562013626, 0.34075760170817376, 0.345285981208086, 0.34558426946401594, 0.343726733148098, 0.34044268426299096, 0.3275647765994072, 0.3297842868566513, 0.3363677822351456, 0.33443642967939374, 0.329127834379673, 0.3225516451299191, 0.3328895319998264, 0.33018316608667375, 0.33174875244498253, 0.33425496450066566, 0.3269918414056301, 0.332587274312973, 0.32078392621874807, 0.2989525681138039, 0.2895283429324627, 0.2902588720023632, 0.2931999604701996, 0.2907657778561115, 0.2791108946502209, 0.2859260777533054, 0.2856172772347927, 0.28199297297000886, 0.2873674220442772, 0.27169837844371797, 0.2801202504634857, 0.2702848689854145, 0.2812419199347496, 0.28725734478235243, 0.2826435730159283, 0.27533849734067917, 0.26842845302820206, 0.27546367716789244, 0.2633748302310705, 0.2655292473733425, 0.26517742925882337, 0.26614738775789737, 0.2576344064772129, 0.2568873689174652, 0.24692050036787988, 0.2571470908224583, 0.25224206230044366, 0.2530371063053608, 0.2515726280808449]","[0.4922355155623148, 0.46716114606649156, 0.44673995791919646, 0.430579989320702, 0.41922821080873884, 0.3989472823247077, 0.3822528466818825, 0.35502481472397607, 0.3580014640021892, 0.3754971460217521, 0.3464167153551465, 0.34940262718333137, 0.33192654438908137, 0.343298600543113, 0.3547951087710403, 0.31640599396020647, 0.3216226619505693, 0.30478077689333566, 0.3279364850549471, 0.30192060342856814, 0.30887001794245506, 0.29995880530230584, 0.29555512503499076, 0.2950134249551902, 0.3119433510989424, 0.2910229509312009, 0.28786595946266536, 0.28407682738606893, 0.29075946836244493, 0.28585260042122435, 0.30326331395005424, 0.2933189972998604, 0.2719205292680907, 0.27865037079604843, 0.2727357143802302, 0.26551031480942455, 0.2825876037398028, 0.2799544839986733, 0.2776573549305636, 0.28160226102622726, 0.2630335727026538, 0.27910554893906153, 0.2969532741440667, 0.2546006540457408, 0.2554209717800693, 0.261783206569297, 0.25967824997173417, 0.24565218820694892, 0.23865818267776853, 0.2357442339970952, 0.2461567231350475, 0.25326538399334936, 0.2402897842583202, 0.262268417174854, 0.24825392202252433, 0.2387852276719752, 0.24001740392238374, 0.2534287087027989, 0.23444287999281807, 0.2528295045097669, 0.273185881120818, 0.25797588815764777, 0.23618786137491937, 0.2593882887491158, 0.2434658059288585, 0.24884104994790895, 0.2687805312730017, 0.2648629652602332, 0.2672502268992719, 0.2506877371952647, 0.23079291104324282, 0.22412703410973625, 0.23051170555372086, 0.21917722140631032, 0.21233654974235427, 0.21776653690234063, 0.22393379360437393, 0.203301763723767, 0.22179080732166767, 0.22074356953066493, 0.2198281804957087, 0.2197784280020093, 0.2134062960625641, 0.23214740986152302, 0.22211234992931758, 0.217313238907428, 0.2319136108789179, 0.24450555195411047, 0.21445052103982085, 0.2154812462450493, 0.21183981403471933, 0.208910537351455, 0.2077903783333207, 0.21802995158802896, 0.20500669870821256, 0.20954022568369668, 0.20189842519660792, 0.1992472287799631, 0.20080653365169251, 0.2039545321511844]",100,0.004,32,0.3
1408,6,1334002,1334002,0.19227594400327358,0.2434397972226143,0.218272564784875,259.11818408966064,"[0.811555090367794, 0.5539183311462402, 0.5313953107595444, 0.5065840803384781, 0.4873441017270088, 0.48426714253425596, 0.45985040575265884, 0.4486728723347187, 0.45272115564346316, 0.44141079506278036, 0.43499138548970223, 0.4268131036758423, 0.42699178189039233, 0.4194399709105492, 0.4139848879277706, 0.42070737725496293, 0.4012860586643219, 0.40846422708034513, 0.3952206395566463, 0.3959895669519901, 0.3952212084233761, 0.3921630333662033, 0.39178044772148135, 0.38523704347014426, 0.3863597868382931, 0.3783861570060253, 0.3879277797937393, 0.37943838620185855, 0.3734550774693489, 0.3656405016183853, 0.3711061012148857, 0.36891573485732077, 0.3663335862159729, 0.35918432685732843, 0.35913676634430886, 0.36053957203030584, 0.36268270245194434, 0.36149721151590347, 0.35271619382500646, 0.35454258367419245, 0.35219428265094754, 0.34874944204092023, 0.354461783349514, 0.35175736412405967, 0.35185954165458677, 0.3452032233178616, 0.34709098789095877, 0.3531969104409218, 0.3362809109985828, 0.34271228036284446, 0.3349238837659359, 0.33600849586725234, 0.33951059710979464, 0.33470997369289396, 0.334669696778059, 0.3387965505719185, 0.32492575070261953, 0.3266708316206932, 0.3263983355164528, 0.3223339791595936, 0.32454324039816856, 0.33112546530365944, 0.3276426192820072, 0.33288565108180046, 0.322906936198473, 0.33324537572264673, 0.30714911967515945, 0.2928444201052189, 0.2929577438235283, 0.2910111227631569, 0.2933155885636807, 0.2870629072189331, 0.27832446175813674, 0.2856378332078457, 0.28144115233421324, 0.27478586295247076, 0.2814072575867176, 0.2726704760491848, 0.2822981974184513, 0.2731747984290123, 0.27059038220345977, 0.27401486864686014, 0.2665910959541798, 0.2761139186322689, 0.28548453947901725, 0.2775040581226349, 0.2808537553548813, 0.2661352517306805, 0.26791810715198516, 0.26008081904053687, 0.25471530187129976, 0.2593542066514492, 0.25601571349799634, 0.25637651726603505, 0.25315584571659566, 0.25272473150491714, 0.25486107072234154, 0.25015713468194006, 0.2478962934464216, 0.2434397972226143]","[0.5405888753750968, 0.47316794464039424, 0.45920266021811773, 0.42633124216208385, 0.4019771483209398, 0.38915989074915175, 0.38220377089012236, 0.394417489923182, 0.3796886209221113, 0.36436808050151853, 0.3340147693478872, 0.343532578694442, 0.34179005014991004, 0.3272280265532789, 0.3160587063739224, 0.3382536956360416, 0.3098937078482575, 0.30989827180192586, 0.291974342827286, 0.30136448026649537, 0.3390552859221186, 0.29536287090371527, 0.29464784382827697, 0.28478158697012873, 0.29725693154429633, 0.2938244306733684, 0.2918288086260122, 0.29939163635884014, 0.28151884870160193, 0.2934352594117324, 0.2624191531231479, 0.2670935361040017, 0.2612270410690043, 0.26673873014275046, 0.2640772719704916, 0.2852364978974774, 0.26559610859978766, 0.27100089680226075, 0.26671615503137075, 0.2634547226840541, 0.28549254691553494, 0.26446636476450497, 0.2668050398074445, 0.2507570516022425, 0.2719377093608417, 0.2672428155229205, 0.24952427546183267, 0.2858455982946214, 0.2590249851346016, 0.25198586140241885, 0.2656623874569223, 0.24719645006079521, 0.26709139104636886, 0.2872840716015725, 0.24197158885617104, 0.25745514313143397, 0.2499272289375464, 0.2852398338653738, 0.2598460688595734, 0.242832604411339, 0.2530873841236508, 0.2702774261198347, 0.24496127990266633, 0.24243676603313477, 0.25674853663122843, 0.7340430444076894, 0.2283764666035062, 0.23522739949089194, 0.6125237664710435, 0.24126661911843314, 0.20562627358687302, 0.21188879891165666, 0.6682059259582607, 0.4155422044651849, 0.5474358248036533, 0.2243041938377751, 0.21999440309665505, 0.1940201259558163, 1.249953108233592, 0.2611548544632064, 0.23131074457769357, 0.21986168593404784, 0.2832642175730259, 0.43815965441957355, 0.23044881215762525, 0.30266863190465504, 0.23800414342374082, 0.5247413778884543, 0.22848172601135003, 0.19227594400327358, 0.4212508848498738, 0.22022167460194655, 0.1984975031384873, 0.20358710691687606, 0.20950802915271313, 0.21140272720229059, 0.2629698234950266, 0.2895911902721439, 0.19549333880699815, 0.218272564784875]",100,0.004,32,0.3
1536,6,1585834,1585834,0.18508564719250278,0.2367841598391533,0.2683740361105828,275.9260458946228,"[0.7967039489150047, 0.5642722664475441, 0.5245770121216774, 0.4897315769791603, 0.4901437828540802, 0.46915061393380164, 0.45180114740133287, 0.44938027384877205, 0.45205375891923905, 0.43813891595602034, 0.43086652091145516, 0.4300539644360542, 0.4214910992980003, 0.41684718015789984, 0.42390615794062614, 0.4101199521422386, 0.4052084000110626, 0.39476535391807555, 0.39914079865813257, 0.39920951652526854, 0.3911430184841156, 0.3794286499321461, 0.3859204342365265, 0.3731747844517231, 0.3747250183522701, 0.3845194324851036, 0.3760896326005459, 0.3726085903346539, 0.3801421259045601, 0.36918043753504753, 0.3659200773835182, 0.3581246269643307, 0.35947206428647044, 0.36650229592621325, 0.36909361112117767, 0.35412631872296335, 0.35780229982733724, 0.34766605430841446, 0.34967819347977636, 0.34843309423327445, 0.3404602395296097, 0.3429413335621357, 0.3544750144183636, 0.3425922680199146, 0.34810591059923174, 0.3426128218472004, 0.3351746564209461, 0.3336942949593067, 0.3416284214258194, 0.34010022604465484, 0.3342075307071209, 0.32993694254755973, 0.3285374890267849, 0.31994917702674863, 0.33832836303114894, 0.32747889998555185, 0.3213189134299755, 0.3309935726523399, 0.3269532430768013, 0.3244537563323975, 0.32251849833130836, 0.32547129741311076, 0.32444244623184204, 0.32192277240753175, 0.30630377131700515, 0.3016520745456219, 0.29634135726094246, 0.28878808945417406, 0.2846488136649132, 0.27705030447244644, 0.2817222895473242, 0.285056863501668, 0.28698882016539573, 0.27213487938046454, 0.268602458357811, 0.27647032503783703, 0.26794154924154284, 0.273497651129961, 0.2755779534578323, 0.2774246904850006, 0.27297336181998255, 0.26986710453033447, 0.2611255019903183, 0.26629148027300836, 0.26355257669091225, 0.2608488995432854, 0.27426407968997957, 0.27668968713283537, 0.24841435876488685, 0.25223101168870926, 0.2518392208814621, 0.24391937373578548, 0.25411694502830506, 0.24717356845736504, 0.23339786729216574, 0.24661630764603615, 0.2556235742866993, 0.24082195660471917, 0.23883294442296027, 0.2367841598391533]","[0.49841836449645815, 0.4918088286168992, 0.4438777130747598, 0.420257541395369, 0.407095338380526, 0.3793286916518968, 0.38403141037339256, 0.36648914005075184, 0.3645186721095963, 0.35660085708849015, 0.34087873853388284, 0.3645399784048398, 0.3463387302463017, 0.32652637847359217, 0.3109848014419041, 0.31583998748470865, 0.32075759898575523, 0.30463140984139747, 0.29339271582781323, 0.3066939276953538, 0.3103153772415623, 0.3057207866675324, 0.30653472227000056, 0.28159598113288953, 0.27909936537108726, 0.276627236474601, 0.28631014554273515, 0.2901526804836023, 0.2930819221313984, 0.2837225782374541, 0.6190916172687023, 0.3049798371299865, 0.28729918906613, 0.2612701640833938, 0.2591788159712913, 0.2766219460893245, 0.2649061448635563, 0.2815381099898664, 0.29097321209689925, 0.2776714277764161, 0.25948260896026143, 0.28386017733386587, 0.2593054188977158, 0.25062648070946575, 0.28206384572244825, 0.24710615334056674, 0.2631642818450928, 0.2551591359078884, 0.2596906741105375, 0.24695229145979125, 0.24565582095630586, 0.25960293270292734, 0.23620013520121574, 0.26166557899070164, 0.2554970189692482, 0.2680198423682697, 0.2735320521252496, 0.27096654001682524, 0.26011155935980024, 0.2630117210958685, 0.2369127423753814, 0.25817241342294783, 0.2667602679677426, 0.26176480960751336, 0.2291466501497087, 0.24451535668164964, 0.23075930023240665, 0.2554363478862104, 0.2341930533921908, 0.23316248618657626, 0.21744547317188884, 0.22259692362849676, 0.22884403003586662, 0.2172117918611519, 0.2258691188716699, 0.20196165354360665, 0.19957805294839162, 0.20608712930882733, 0.2675534035892241, 0.21779635696420593, 0.22656085880266297, 0.23310524615503492, 0.2348760533190909, 4.4355431950045014, 0.7674238737968225, 0.2172345244103954, 0.22451177742036563, 0.3133924666733023, 0.2076962466928221, 0.23106692122325065, 0.22291920499669182, 0.29731655673729995, 0.21363648515017258, 0.18508564719250278, 0.337972817085092, 0.5107095390558243, 0.20443665697461083, 0.25095383411953376, 0.2517274902276104, 0.2683740361105828]",100,0.004,32,0.3
1664,6,1859426,1859426,0.19559254228240913,0.23844763067364694,0.19559254228240913,292.40737199783325,"[0.8224277294278145, 0.554052064538002, 0.5198102342486381, 0.5046042936742305, 0.4901817682683468, 0.4817127739489079, 0.47051851043105125, 0.4417913365960121, 0.44145295599102974, 0.43669742736220357, 0.42586257714033127, 0.42708645889163016, 0.4243153013885021, 0.41584053918719294, 0.411890920817852, 0.4069904385209084, 0.39265131387114527, 0.40910451671481135, 0.4062620422244072, 0.38680058339238166, 0.38770227071642877, 0.3874123486876488, 0.37228263151645663, 0.38003856244683265, 0.3826594537198544, 0.37626986965537074, 0.3681447675228119, 0.3597405812740326, 0.3678150705397129, 0.37171217414736746, 0.36955430868268013, 0.3545111674070358, 0.3571436999738216, 0.363337403178215, 0.35962543362379074, 0.3498279124200344, 0.344480771780014, 0.34024022126197817, 0.3554988775253296, 0.3507145943045616, 0.35271283525228503, 0.3417971681058407, 0.3428506703078747, 0.3416449284851551, 0.3475256471037865, 0.3315184809863567, 0.33856263384222984, 0.33681730198860166, 0.322062421053648, 0.32854363369941714, 0.3286247099936008, 0.321140388160944, 0.32494266438484193, 0.3377268697321415, 0.3189020282626152, 0.32401144289970396, 0.33109153327345847, 0.31960827961564064, 0.32602956706285474, 0.3160898952782154, 0.3320590137243271, 0.3200683993399143, 0.3150880884826183, 0.2995090456008911, 0.31396805292367935, 0.31702778735756876, 0.312055757522583, 0.29304617431759833, 0.2856754235625267, 0.29485190176963805, 0.27921659377217295, 0.2788388798087835, 0.29114128747582435, 0.27621693181991575, 0.26675775888562203, 0.2635693168640137, 0.2657355621755123, 0.2638364607989788, 0.27083246076107026, 0.25676528656482694, 0.2621046187579632, 0.26860997745394705, 0.25847138598561287, 0.2618018387556076, 0.27068809580802916, 0.2665326957702637, 0.2614254899024963, 0.24921135792136193, 0.26263502770662306, 0.2580183545947075, 0.26113933220505714, 0.2553263546526432, 0.24519165244698524, 0.24873170241713524, 0.23366529035568237, 0.23118846783041955, 0.2398545472919941, 0.23651328375935554, 0.2353984080851078, 0.23844763067364694]","[0.5238386243581772, 0.4653756568829219, 0.44062197267536135, 0.43210771608920323, 0.39926225786644315, 0.39138721934859716, 0.3885247097128913, 0.3506774827837944, 0.3736635211204726, 0.3641154919824903, 0.34723791976769763, 0.3250591623641196, 0.3275105368996423, 0.31972099751943633, 0.3301714418071603, 0.3211130688469561, 0.3012883060626567, 0.33595090950765305, 0.29971090148365687, 0.3025814558541964, 0.32495834453711436, 0.31791574957351837, 0.3055319845203369, 0.2917927624214263, 0.28283920056290096, 0.303144225466346, 0.2769983853730891, 0.27615276493486907, 0.2778517618065789, 0.27332143834422507, 0.27981692972400835, 0.25785839356600293, 0.26621671423079474, 0.2761719107391342, 0.2902080900967121, 0.2549133367599949, 0.2742441628897001, 0.2731099024060227, 0.2615427091008141, 0.2613318580838423, 0.2510421095149858, 0.2746114118822983, 0.24587057445139165, 0.26795933791805826, 0.2682663402741864, 0.2426724753209523, 0.27154421918685473, 0.2713603147911647, 0.2734073489786141, 0.24133904325583624, 0.2565642515463488, 0.2557362529138724, 0.2513091764930222, 0.2545433486146586, 0.27822333402813426, 0.2340968516137865, 0.25274756899665274, 0.24991648289419355, 0.23852000876315058, 0.25543150477229604, 0.6090405840012763, 0.2417829225933741, 0.25115304972444263, 0.2693366187787245, 0.2410645702824233, 0.29761672321529614, 0.2483012377033158, 0.4684057233943826, 0.23516816036805274, 0.20428457347646592, 0.20943260473746156, 0.2112597411291467, 0.2107262352392787, 0.202255077482689, 0.2134095924418597, 0.24477922313270115, 0.20972234285658314, 0.2522492254123328, 0.20832379292401057, 0.229151238317764, 0.20034671524569156, 0.21089945103795754, 0.2334644923370982, 0.47834319712978507, 0.20822468796183194, 0.222962465610296, 0.3085613875457692, 0.2251682419862066, 0.33536339994697345, 0.20266083858552433, 0.3222270823482956, 0.2154828016720121, 0.21820854265538472, 0.20880019419368298, 0.19907327513727877, 0.19836882868456462, 0.22152799149117772, 0.19961485639214516, 0.2023895781723753, 0.19559254228240913]",100,0.004,32,0.3
